,model,pion,metric,value
0,urqmd_1.7,211,e_kl,0.028602245071364784
1,urqmd_1.7,211,e_w1,0.02194777496159077
2,urqmd_1.7,211,eta_kl,0.005606881307268305
3,urqmd_1.7,211,eta_w1,0.044930235847180804
4,urqmd_1.7,211,e_kl_0,0.25465569237724817
5,urqmd_1.7,211,e_w1_0,0.054965119063854234
6,urqmd_1.7,211,eta_kl_0,0.02685533235054569
7,urqmd_1.7,211,eta_w1_0,0.1432808944734279
8,urqmd_1.7,211,v1,0.009112099815228807
9,urqmd_1.7,211,v2,0.01996940028542438
10,urqmd_1.7,211,v3,0.009838753969221571
11,urqmd_1.7,211,pt,6.425000000000001
12,urqmd_1.7,211,e,5.94
13,urqmd_1.7,-211,e_kl,0.03297164512249321
14,urqmd_1.7,-211,e_w1,0.0383200548411835
15,urqmd_1.7,-211,eta_kl,0.004477110968952853
16,urqmd_1.7,-211,eta_w1,0.049258832982654675
17,urqmd_1.7,-211,e_kl_0,0.1380350665976048
18,urqmd_1.7,-211,e_w1_0,0.05916927129030229
19,urqmd_1.7,-211,eta_kl_0,0.011890689320360238
20,urqmd_1.7,-211,eta_w1_0,0.09177595263579857
21,urqmd_1.7,-211,v1,0.0013344069117328739
22,urqmd_1.7,-211,v2,0.010317482796939606
23,urqmd_1.7,-211,v3,0.006601155447466337
24,urqmd_1.7,-211,pt,6.425000000000001
25,urqmd_1.7,-211,e,5.94
26,urqmd_1.7,111,e_kl,0.03504779569771515
27,urqmd_1.7,111,e_w1,0.050551870156611715
28,urqmd_1.7,111,eta_kl,0.0034465044760154935
29,urqmd_1.7,111,eta_w1,0.03192671253499222
30,urqmd_1.7,111,e_kl_0,0.10405385849297864
31,urqmd_1.7,111,e_w1_0,0.11075151771306992
32,urqmd_1.7,111,eta_kl_0,0.003727455133626249
33,urqmd_1.7,111,eta_w1_0,0.06434474560555828
34,urqmd_1.7,111,v1,0.008252085960944917
35,urqmd_1.7,111,v2,0.0035554121726253307
36,urqmd_1.7,111,v3,0.003607573128866868
37,urqmd_1.7,111,pt,6.425000000000001
38,urqmd_1.7,111,e,5.94
39,urqmd_5,211,e_kl,0.00863116348056535
40,urqmd_5,211,e_w1,0.0211341078283629
41,urqmd_5,211,eta_kl,0.0021046621991610355
42,urqmd_5,211,eta_w1,0.03827598868728334
43,urqmd_5,211,e_kl_0,0.06369501496941626
44,urqmd_5,211,e_w1_0,0.06143536522984505
45,urqmd_5,211,eta_kl_0,0.008490884955168547
46,urqmd_5,211,eta_w1_0,0.07509658786701037
47,urqmd_5,211,v1,0.009008123383939075
48,urqmd_5,211,v2,0.022161670712003766
49,urqmd_5,211,v3,0.021647418271284934
50,urqmd_5,211,pt,5.1475
51,urqmd_5,211,e,4.0925
52,urqmd_5,-211,e_kl,0.02611706322584738
53,urqmd_5,-211,e_w1,0.031157781479771815
54,urqmd_5,-211,eta_kl,0.0028854417595433994
55,urqmd_5,-211,eta_w1,0.030329434751248985
56,urqmd_5,-211,e_kl_0,0.02921532197479682
57,urqmd_5,-211,e_w1_0,0.04952931433916091
58,urqmd_5,-211,eta_kl_0,0.008271659691434521
59,urqmd_5,-211,eta_w1_0,0.129936884228955
60,urqmd_5,-211,v1,0.02007979608820696
61,urqmd_5,-211,v2,0.008914238613518673
62,urqmd_5,-211,v3,0.03494441519312596
63,urqmd_5,-211,pt,5.1475
64,urqmd_5,-211,e,4.0925
65,urqmd_5,111,e_kl,0.025869250328479813
66,urqmd_5,111,e_w1,0.032524200453184944
67,urqmd_5,111,eta_kl,0.0066620842208664904
68,urqmd_5,111,eta_w1,0.046524448462826655
69,urqmd_5,111,e_kl_0,0.07814323645186567
70,urqmd_5,111,e_w1_0,0.08812565833330155
71,urqmd_5,111,eta_kl_0,0.011290985600882012
72,urqmd_5,111,eta_w1_0,0.13201467264210806
73,urqmd_5,111,v1,0.010966734912298083
74,urqmd_5,111,v2,0.024033597138968424
75,urqmd_5,111,v3,0.07824424788179
76,urqmd_5,111,pt,5.1475
77,urqmd_5,111,e,4.0925
78,smash_ls,211,e_kl,0.03531086824235105
79,smash_ls,211,e_w1,0.05425878371315737
80,smash_ls,211,eta_kl,0.001478226605640282
81,smash_ls,211,eta_w1,0.025492801564500796
82,smash_ls,211,e_kl_0,0.6349958147160277
83,smash_ls,211,e_w1_0,0.27237121752426907
84,smash_ls,211,eta_kl_0,0.0024112065416505
85,smash_ls,211,eta_w1_0,0.08260132816253449
86,smash_ls,211,v1,0.010161315144391614
87,smash_ls,211,v2,0.002052360698293893
88,smash_ls,211,v3,0.06304805241509112
89,smash_ls,211,pt,1.08
90,smash_ls,211,e,29.455
91,smash_ls,-211,e_kl,0.02890393694138003
92,smash_ls,-211,e_w1,0.051414263440429916
93,smash_ls,-211,eta_kl,0.0036661331734211414
94,smash_ls,-211,eta_w1,0.043706489515027425
95,smash_ls,-211,e_kl_0,0.46545658627487285
96,smash_ls,-211,e_w1_0,0.22452792418519374
97,smash_ls,-211,eta_kl_0,0.013515458639477613
98,smash_ls,-211,eta_w1_0,0.1770167242129026
99,smash_ls,-211,v1,0.007698044427940471
100,smash_ls,-211,v2,0.019288850907413484
101,smash_ls,-211,v3,0.003005233605253484
102,smash_ls,-211,pt,1.08
103,smash_ls,-211,e,29.455
104,smash_ls,111,e_kl,0.02840569031461143
105,smash_ls,111,e_w1,0.04590690181555697
106,smash_ls,111,eta_kl,0.0023371220662947918
107,smash_ls,111,eta_w1,0.017978302399846803
108,smash_ls,111,e_kl_0,0.5015072262605903
109,smash_ls,111,e_w1_0,0.24800439027286658
110,smash_ls,111,eta_kl_0,0.023501481851825164
111,smash_ls,111,eta_w1_0,0.1552544554293536
112,smash_ls,111,v1,0.007249688656420856
113,smash_ls,111,v2,0.00968745872854078
114,smash_ls,111,v3,0.05500830302778405
115,smash_ls,111,pt,1.08
116,smash_ls,111,e,29.455
