,model,seed,b,pion,metric,value
0,std,61453,1.7,211,e_kl,0.03995134602070564
1,std,61453,1.7,211,e_w1,0.046456953365178334
2,std,61453,1.7,211,eta_kl,0.002408330519149678
3,std,61453,1.7,211,eta_w1,0.022455301855978695
4,std,61453,1.7,211,e_kl_0,0.2244261132506701
5,std,61453,1.7,211,e_w1_0,0.0984433150291443
6,std,61453,1.7,211,eta_kl_0,0.04501808641423214
7,std,61453,1.7,211,eta_w1_0,0.13975560421637057
8,std,61453,1.7,211,v1,0.00400398241291499
9,std,61453,1.7,211,v2,0.026599529803426072
10,std,61453,1.7,211,v3,0.007416371178080115
11,std,61453,1.7,211,pt,8.4975
12,std,61453,1.7,211,e,7.67
13,std,61453,1.7,-211,e_kl,0.04017265680310457
14,std,61453,1.7,-211,e_w1,0.051025318851073594
15,std,61453,1.7,-211,eta_kl,0.003550595714606827
16,std,61453,1.7,-211,eta_w1,0.026449677894401932
17,std,61453,1.7,-211,e_kl_0,0.13886705976415192
18,std,61453,1.7,-211,e_w1_0,0.10510886430740356
19,std,61453,1.7,-211,eta_kl_0,0.02718711152534151
20,std,61453,1.7,-211,eta_w1_0,0.18950401614245493
21,std,61453,1.7,-211,v1,0.010145436873329203
22,std,61453,1.7,-211,v2,0.013395871955419953
23,std,61453,1.7,-211,v3,0.0033253917971702374
24,std,61453,1.7,-211,pt,8.4975
25,std,61453,1.7,-211,e,7.67
26,std,61453,1.7,111,e_kl,0.04285702563275251
27,std,61453,1.7,111,e_w1,0.05867163141923291
28,std,61453,1.7,111,eta_kl,0.006895408772434055
29,std,61453,1.7,111,eta_w1,0.030764215065364194
30,std,61453,1.7,111,e_kl_0,0.13399831731685505
31,std,61453,1.7,111,e_w1_0,0.12476058602333069
32,std,61453,1.7,111,eta_kl_0,0.01975887543985894
33,std,61453,1.7,111,eta_w1_0,0.12006690589078059
34,std,61453,1.7,111,v1,0.01634371565131096
35,std,61453,1.7,111,v2,0.004891557314861551
36,std,61453,1.7,111,v3,0.002796523416006629
37,std,61453,1.7,111,pt,8.4975
38,std,61453,1.7,111,e,7.67
39,std,61453,5.0,211,e_kl,0.03155798198624582
40,std,61453,5.0,211,e_w1,0.03802119711063091
41,std,61453,5.0,211,eta_kl,0.0038230491562111237
42,std,61453,5.0,211,eta_w1,0.041429318497964246
43,std,61453,5.0,211,e_kl_0,0.10167910026313684
44,std,61453,5.0,211,e_w1_0,0.08519290566444396
45,std,61453,5.0,211,eta_kl_0,0.009070775834561833
46,std,61453,5.0,211,eta_w1_0,0.13985421634279194
47,std,61453,5.0,211,v1,0.05989061053239043
48,std,61453,5.0,211,v2,0.010796797019418545
49,std,61453,5.0,211,v3,0.03131052240572469
50,std,61453,5.0,211,pt,8.925
51,std,61453,5.0,211,e,7.352499999999999
52,std,61453,5.0,-211,e_kl,0.035808632999994594
53,std,61453,5.0,-211,e_w1,0.04307026285564337
54,std,61453,5.0,-211,eta_kl,0.005767450204200147
55,std,61453,5.0,-211,eta_w1,0.03594324455414695
56,std,61453,5.0,-211,e_kl_0,0.04142624885769307
57,std,61453,5.0,-211,e_w1_0,0.07030133873224259
58,std,61453,5.0,-211,eta_kl_0,0.009824101349617647
59,std,61453,5.0,-211,eta_w1_0,0.12892728343140336
60,std,61453,5.0,-211,v1,0.016218450323406523
61,std,61453,5.0,-211,v2,0.0036971206120993204
62,std,61453,5.0,-211,v3,0.003217928446698587
63,std,61453,5.0,-211,pt,8.925
64,std,61453,5.0,-211,e,7.352499999999999
65,std,61453,5.0,111,e_kl,0.046236668724296236
66,std,61453,5.0,111,e_w1,0.04008557502595589
67,std,61453,5.0,111,eta_kl,0.00443452421643445
68,std,61453,5.0,111,eta_w1,0.04534362181790161
69,std,61453,5.0,111,e_kl_0,0.16367698201497433
70,std,61453,5.0,111,e_w1_0,0.09147950679063796
71,std,61453,5.0,111,eta_kl_0,0.01876762505432349
72,std,61453,5.0,111,eta_w1_0,0.1249280251353048
73,std,61453,5.0,111,v1,0.003315820881510342
74,std,61453,5.0,111,v2,0.011115314891800478
75,std,61453,5.0,111,v3,0.004254088770512372
76,std,61453,5.0,111,pt,8.925
77,std,61453,5.0,111,e,7.352499999999999
78,learn_1,61453,1.7,211,e_kl,0.02449508082355851
79,learn_1,61453,1.7,211,e_w1,0.02603851292104948
80,learn_1,61453,1.7,211,eta_kl,0.002551272293018024
81,learn_1,61453,1.7,211,eta_w1,0.027362792141170093
82,learn_1,61453,1.7,211,e_kl_0,0.2523374374409545
83,learn_1,61453,1.7,211,e_w1_0,0.06768659442663194
84,learn_1,61453,1.7,211,eta_kl_0,0.027790197969734146
85,learn_1,61453,1.7,211,eta_w1_0,0.11304887663747651
86,learn_1,61453,1.7,211,v1,0.01268164375273328
87,learn_1,61453,1.7,211,v2,0.012966489555288474
88,learn_1,61453,1.7,211,v3,0.00236528508337642
89,learn_1,61453,1.7,211,pt,6.405
90,learn_1,61453,1.7,211,e,5.3675
91,learn_1,61453,1.7,-211,e_kl,0.023043312065913375
92,learn_1,61453,1.7,-211,e_w1,0.031393729838587
93,learn_1,61453,1.7,-211,eta_kl,0.005823610487303757
94,learn_1,61453,1.7,-211,eta_w1,0.02756518644277615
95,learn_1,61453,1.7,-211,e_kl_0,0.058144589477939636
96,learn_1,61453,1.7,-211,e_w1_0,0.05446803718805314
97,learn_1,61453,1.7,-211,eta_kl_0,0.005854611106933444
98,learn_1,61453,1.7,-211,eta_w1_0,0.12708147177938373
99,learn_1,61453,1.7,-211,v1,0.004320806598334255
100,learn_1,61453,1.7,-211,v2,0.004068017499607015
101,learn_1,61453,1.7,-211,v3,0.002103504329942693
102,learn_1,61453,1.7,-211,pt,6.405
103,learn_1,61453,1.7,-211,e,5.3675
104,learn_1,61453,1.7,111,e_kl,0.023187191511789235
105,learn_1,61453,1.7,111,e_w1,0.04493809125607922
106,learn_1,61453,1.7,111,eta_kl,0.002992047884825211
107,learn_1,61453,1.7,111,eta_w1,0.025938454843010165
108,learn_1,61453,1.7,111,e_kl_0,0.06632557082638976
109,learn_1,61453,1.7,111,e_w1_0,0.09373896151781083
110,learn_1,61453,1.7,111,eta_kl_0,0.016291060710344574
111,learn_1,61453,1.7,111,eta_w1_0,0.127206808907722
112,learn_1,61453,1.7,111,v1,0.016266543244473033
113,learn_1,61453,1.7,111,v2,0.05621402096108431
114,learn_1,61453,1.7,111,v3,0.04412575071689997
115,learn_1,61453,1.7,111,pt,6.405
116,learn_1,61453,1.7,111,e,5.3675
117,learn_1,61453,5.0,211,e_kl,0.007356094297949447
118,learn_1,61453,5.0,211,e_w1,0.02012682646954131
119,learn_1,61453,5.0,211,eta_kl,0.0032194553703606657
120,learn_1,61453,5.0,211,eta_w1,0.051408684002429095
121,learn_1,61453,5.0,211,e_kl_0,0.014856816938485425
122,learn_1,61453,5.0,211,e_w1_0,0.05950493484735489
123,learn_1,61453,5.0,211,eta_kl_0,0.01704384162345602
124,learn_1,61453,5.0,211,eta_w1_0,0.16100450857542456
125,learn_1,61453,5.0,211,v1,0.014947911877271673
126,learn_1,61453,5.0,211,v2,0.008997980332541143
127,learn_1,61453,5.0,211,v3,0.025868225970356703
128,learn_1,61453,5.0,211,pt,5.7275
129,learn_1,61453,5.0,211,e,4.1825
130,learn_1,61453,5.0,-211,e_kl,0.0210508528899907
131,learn_1,61453,5.0,-211,e_w1,0.027801342301438214
132,learn_1,61453,5.0,-211,eta_kl,0.005607384081966124
133,learn_1,61453,5.0,-211,eta_w1,0.037049169474906433
134,learn_1,61453,5.0,-211,e_kl_0,0.02136533811216685
135,learn_1,61453,5.0,-211,e_w1_0,0.025535405576229093
136,learn_1,61453,5.0,-211,eta_kl_0,0.02140933820685624
137,learn_1,61453,5.0,-211,eta_w1_0,0.14202752040757333
138,learn_1,61453,5.0,-211,v1,0.018535904063836647
139,learn_1,61453,5.0,-211,v2,0.0014268880804354205
140,learn_1,61453,5.0,-211,v3,0.009439927892353409
141,learn_1,61453,5.0,-211,pt,5.7275
142,learn_1,61453,5.0,-211,e,4.1825
143,learn_1,61453,5.0,111,e_kl,0.025363458740920993
144,learn_1,61453,5.0,111,e_w1,0.030849620007488764
145,learn_1,61453,5.0,111,eta_kl,0.0035197373858876714
146,learn_1,61453,5.0,111,eta_w1,0.03497235969880724
147,learn_1,61453,5.0,111,e_kl_0,0.08644480647256125
148,learn_1,61453,5.0,111,e_w1_0,0.08444087833166122
149,learn_1,61453,5.0,111,eta_kl_0,0.014873597265382014
150,learn_1,61453,5.0,111,eta_w1_0,0.12251439803047105
151,learn_1,61453,5.0,111,v1,0.0455563583765216
152,learn_1,61453,5.0,111,v2,0.03418327254459544
153,learn_1,61453,5.0,111,v3,0.006524470628589798
154,learn_1,61453,5.0,111,pt,5.7275
155,learn_1,61453,5.0,111,e,4.1825
156,learn_2,61453,1.7,211,e_kl,0.03398455171888264
157,learn_2,61453,1.7,211,e_w1,0.047139844646056486
158,learn_2,61453,1.7,211,eta_kl,0.0028702201468944993
159,learn_2,61453,1.7,211,eta_w1,0.02812408325091903
160,learn_2,61453,1.7,211,e_kl_0,0.0756813255342382
161,learn_2,61453,1.7,211,e_w1_0,0.09997777163982392
162,learn_2,61453,1.7,211,eta_kl_0,0.07331877855669458
163,learn_2,61453,1.7,211,eta_w1_0,0.27024405773641774
164,learn_2,61453,1.7,211,v1,0.014383339413807806
165,learn_2,61453,1.7,211,v2,0.023557485018087517
166,learn_2,61453,1.7,211,v3,0.02043450982347563
167,learn_2,61453,1.7,211,pt,9.445
168,learn_2,61453,1.7,211,e,8.705
169,learn_2,61453,1.7,-211,e_kl,0.047946940180959824
170,learn_2,61453,1.7,-211,e_w1,0.050054575875401526
171,learn_2,61453,1.7,-211,eta_kl,0.004040430403822869
172,learn_2,61453,1.7,-211,eta_w1,0.014524466889235506
173,learn_2,61453,1.7,-211,e_kl_0,0.1437814368325487
174,learn_2,61453,1.7,-211,e_w1_0,0.07853394746780396
175,learn_2,61453,1.7,-211,eta_kl_0,0.005350835485978372
176,learn_2,61453,1.7,-211,eta_w1_0,0.13233778319205158
177,learn_2,61453,1.7,-211,v1,0.008041423237905
178,learn_2,61453,1.7,-211,v2,0.024090433465536326
179,learn_2,61453,1.7,-211,v3,0.008142822780200263
180,learn_2,61453,1.7,-211,pt,9.445
181,learn_2,61453,1.7,-211,e,8.705
182,learn_2,61453,1.7,111,e_kl,0.054745261842370406
183,learn_2,61453,1.7,111,e_w1,0.062405198890538444
184,learn_2,61453,1.7,111,eta_kl,0.001978558141060943
185,learn_2,61453,1.7,111,eta_w1,0.04502644874734653
186,learn_2,61453,1.7,111,e_kl_0,0.10638512548948705
187,learn_2,61453,1.7,111,e_w1_0,0.11689486712217333
188,learn_2,61453,1.7,111,eta_kl_0,0.015297313508555172
189,learn_2,61453,1.7,111,eta_w1_0,0.11458996625231521
190,learn_2,61453,1.7,111,v1,0.020104604636640887
191,learn_2,61453,1.7,111,v2,0.020266285437761374
192,learn_2,61453,1.7,111,v3,0.012749777336585671
193,learn_2,61453,1.7,111,pt,9.445
194,learn_2,61453,1.7,111,e,8.705
195,learn_2,61453,5.0,211,e_kl,0.040487464559359976
196,learn_2,61453,5.0,211,e_w1,0.046232607529064634
197,learn_2,61453,5.0,211,eta_kl,0.002767967934706082
198,learn_2,61453,5.0,211,eta_w1,0.03451099228831004
199,learn_2,61453,5.0,211,e_kl_0,0.08424362032281375
200,learn_2,61453,5.0,211,e_w1_0,0.09906434521079063
201,learn_2,61453,5.0,211,eta_kl_0,0.006117073011055086
202,learn_2,61453,5.0,211,eta_w1_0,0.09353462585248053
203,learn_2,61453,5.0,211,v1,0.007601767786662335
204,learn_2,61453,5.0,211,v2,0.004078702590359742
205,learn_2,61453,5.0,211,v3,0.010387929293718371
206,learn_2,61453,5.0,211,pt,9.05
207,learn_2,61453,5.0,211,e,7.8175
208,learn_2,61453,5.0,-211,e_kl,0.04187041319154204
209,learn_2,61453,5.0,-211,e_w1,0.04386872191665615
210,learn_2,61453,5.0,-211,eta_kl,0.003390275648940199
211,learn_2,61453,5.0,-211,eta_w1,0.024955395066345712
212,learn_2,61453,5.0,-211,e_kl_0,0.039461124487841635
213,learn_2,61453,5.0,-211,e_w1_0,0.06666196778416633
214,learn_2,61453,5.0,-211,eta_kl_0,0.02532251673538423
215,learn_2,61453,5.0,-211,eta_w1_0,0.19843370162590873
216,learn_2,61453,5.0,-211,v1,0.020927510494680973
217,learn_2,61453,5.0,-211,v2,0.045506497674757326
218,learn_2,61453,5.0,-211,v3,0.00862828762667948
219,learn_2,61453,5.0,-211,pt,9.05
220,learn_2,61453,5.0,-211,e,7.8175
221,learn_2,61453,5.0,111,e_kl,0.04207638320715359
222,learn_2,61453,5.0,111,e_w1,0.03945188239379816
223,learn_2,61453,5.0,111,eta_kl,0.003006574642963744
224,learn_2,61453,5.0,111,eta_w1,0.025584731477900996
225,learn_2,61453,5.0,111,e_kl_0,0.0873025197345048
226,learn_2,61453,5.0,111,e_w1_0,0.08185867965221405
227,learn_2,61453,5.0,111,eta_kl_0,0.022011225525531267
228,learn_2,61453,5.0,111,eta_w1_0,0.14227262190426704
229,learn_2,61453,5.0,111,v1,0.02423169407637993
230,learn_2,61453,5.0,111,v2,0.010616230836036099
231,learn_2,61453,5.0,111,v3,0.009617316943113933
232,learn_2,61453,5.0,111,pt,9.05
233,learn_2,61453,5.0,111,e,7.8175
234,learn_3,61453,1.7,211,e_kl,0.0398154453732185
235,learn_3,61453,1.7,211,e_w1,0.038577166295477326
236,learn_3,61453,1.7,211,eta_kl,0.006457189187686182
237,learn_3,61453,1.7,211,eta_w1,0.040214498076806854
238,learn_3,61453,1.7,211,e_kl_0,0.30483856719396235
239,learn_3,61453,1.7,211,e_w1_0,0.10552034974098205
240,learn_3,61453,1.7,211,eta_kl_0,0.02190312783946427
241,learn_3,61453,1.7,211,eta_w1_0,0.11662589406594634
242,learn_3,61453,1.7,211,v1,0.0040660178662247646
243,learn_3,61453,1.7,211,v2,0.02072302862595798
244,learn_3,61453,1.7,211,v3,0.014752467932359584
245,learn_3,61453,1.7,211,pt,7.66
246,learn_3,61453,1.7,211,e,6.9525
247,learn_3,61453,1.7,-211,e_kl,0.04580032067674341
248,learn_3,61453,1.7,-211,e_w1,0.04598110527509737
249,learn_3,61453,1.7,-211,eta_kl,0.004278362189928474
250,learn_3,61453,1.7,-211,eta_w1,0.038685331942473394
251,learn_3,61453,1.7,-211,e_kl_0,0.17478662795917385
252,learn_3,61453,1.7,-211,e_w1_0,0.09530294597148897
253,learn_3,61453,1.7,-211,eta_kl_0,0.016516433752908906
254,learn_3,61453,1.7,-211,eta_w1_0,0.1716299723042175
255,learn_3,61453,1.7,-211,v1,0.029315183834576892
256,learn_3,61453,1.7,-211,v2,0.024952089215726624
257,learn_3,61453,1.7,-211,v3,0.0006763349266998245
258,learn_3,61453,1.7,-211,pt,7.66
259,learn_3,61453,1.7,-211,e,6.9525
260,learn_3,61453,1.7,111,e_kl,0.05670029085151245
261,learn_3,61453,1.7,111,e_w1,0.05912842796317169
262,learn_3,61453,1.7,111,eta_kl,0.0056712932308481305
263,learn_3,61453,1.7,111,eta_w1,0.03338456086696776
264,learn_3,61453,1.7,111,e_kl_0,0.15410844150753114
265,learn_3,61453,1.7,111,e_w1_0,0.1272228342294693
266,learn_3,61453,1.7,111,eta_kl_0,0.018805949339714936
267,learn_3,61453,1.7,111,eta_w1_0,0.08273315938720772
268,learn_3,61453,1.7,111,v1,0.004382420949705545
269,learn_3,61453,1.7,111,v2,0.015526418335950158
270,learn_3,61453,1.7,111,v3,0.01235501878845915
271,learn_3,61453,1.7,111,pt,7.66
272,learn_3,61453,1.7,111,e,6.9525
273,learn_3,61453,5.0,211,e_kl,0.05365631211635234
274,learn_3,61453,5.0,211,e_w1,0.04194052283038657
275,learn_3,61453,5.0,211,eta_kl,0.008175980373298324
276,learn_3,61453,5.0,211,eta_w1,0.053990316545139916
277,learn_3,61453,5.0,211,e_kl_0,0.25325822884668037
278,learn_3,61453,5.0,211,e_w1_0,0.10345601558685302
279,learn_3,61453,5.0,211,eta_kl_0,0.06466262777696191
280,learn_3,61453,5.0,211,eta_w1_0,0.14447559559717776
281,learn_3,61453,5.0,211,v1,0.04482278278311301
282,learn_3,61453,5.0,211,v2,0.016582228035921978
283,learn_3,61453,5.0,211,v3,0.059545092755481026
284,learn_3,61453,5.0,211,pt,6.9399999999999995
285,learn_3,61453,5.0,211,e,6.425000000000001
286,learn_3,61453,5.0,-211,e_kl,0.04745228507466277
287,learn_3,61453,5.0,-211,e_w1,0.040720636186354166
288,learn_3,61453,5.0,-211,eta_kl,0.0037761592806806687
289,learn_3,61453,5.0,-211,eta_w1,0.04459828472951006
290,learn_3,61453,5.0,-211,e_kl_0,0.030053860872049688
291,learn_3,61453,5.0,-211,e_w1_0,0.03945203751325607
292,learn_3,61453,5.0,-211,eta_kl_0,0.04079050708292752
293,learn_3,61453,5.0,-211,eta_w1_0,0.17763225095462987
294,learn_3,61453,5.0,-211,v1,0.009324921074845264
295,learn_3,61453,5.0,-211,v2,0.005359623180017831
296,learn_3,61453,5.0,-211,v3,0.009569643987307242
297,learn_3,61453,5.0,-211,pt,6.9399999999999995
298,learn_3,61453,5.0,-211,e,6.425000000000001
299,learn_3,61453,5.0,111,e_kl,0.0441234830728404
300,learn_3,61453,5.0,111,e_w1,0.037640956724223684
301,learn_3,61453,5.0,111,eta_kl,0.004860011601777892
302,learn_3,61453,5.0,111,eta_w1,0.025830682544033274
303,learn_3,61453,5.0,111,e_kl_0,0.1157232250640122
304,learn_3,61453,5.0,111,e_w1_0,0.09192877814173697
305,learn_3,61453,5.0,111,eta_kl_0,0.02154498444381144
306,learn_3,61453,5.0,111,eta_w1_0,0.22040567821357399
307,learn_3,61453,5.0,111,v1,0.01161887446173358
308,learn_3,61453,5.0,111,v2,0.020117386550631524
309,learn_3,61453,5.0,111,v3,0.003857700418812617
310,learn_3,61453,5.0,111,pt,6.9399999999999995
311,learn_3,61453,5.0,111,e,6.425000000000001
312,learn_4,61453,1.7,211,e_kl,0.039108945332903176
313,learn_4,61453,1.7,211,e_w1,0.04420887846677074
314,learn_4,61453,1.7,211,eta_kl,0.005872781232081147
315,learn_4,61453,1.7,211,eta_w1,0.033414374075122204
316,learn_4,61453,1.7,211,e_kl_0,0.11179067810470907
317,learn_4,61453,1.7,211,e_w1_0,0.09655488550662995
318,learn_4,61453,1.7,211,eta_kl_0,0.024629418940009792
319,learn_4,61453,1.7,211,eta_w1_0,0.10298980028368533
320,learn_4,61453,1.7,211,v1,0.00507650042839918
321,learn_4,61453,1.7,211,v2,0.037145199630059966
322,learn_4,61453,1.7,211,v3,0.015480117748602312
323,learn_4,61453,1.7,211,pt,8.73
324,learn_4,61453,1.7,211,e,8.5725
325,learn_4,61453,1.7,-211,e_kl,0.04776369450419419
326,learn_4,61453,1.7,-211,e_w1,0.05355305244525276
327,learn_4,61453,1.7,-211,eta_kl,0.004791211133746295
328,learn_4,61453,1.7,-211,eta_w1,0.04010628963124914
329,learn_4,61453,1.7,-211,e_kl_0,0.09571920944935776
330,learn_4,61453,1.7,-211,e_w1_0,0.08100350946187974
331,learn_4,61453,1.7,-211,eta_kl_0,0.01878895000422902
332,learn_4,61453,1.7,-211,eta_w1_0,0.12669965530978516
333,learn_4,61453,1.7,-211,v1,0.00859375089492129
334,learn_4,61453,1.7,-211,v2,0.00790035249795157
335,learn_4,61453,1.7,-211,v3,0.006666253284447226
336,learn_4,61453,1.7,-211,pt,8.73
337,learn_4,61453,1.7,-211,e,8.5725
338,learn_4,61453,1.7,111,e_kl,0.048902166013892245
339,learn_4,61453,1.7,111,e_w1,0.0648849531227634
340,learn_4,61453,1.7,111,eta_kl,0.003602585699316158
341,learn_4,61453,1.7,111,eta_w1,0.034223200223260336
342,learn_4,61453,1.7,111,e_kl_0,0.12426127672736668
343,learn_4,61453,1.7,111,e_w1_0,0.13878039449453355
344,learn_4,61453,1.7,111,eta_kl_0,0.014234566958099321
345,learn_4,61453,1.7,111,eta_w1_0,0.13446162277767143
346,learn_4,61453,1.7,111,v1,0.014138340053875948
347,learn_4,61453,1.7,111,v2,0.0067632724258947655
348,learn_4,61453,1.7,111,v3,0.0017111026754142355
349,learn_4,61453,1.7,111,pt,8.73
350,learn_4,61453,1.7,111,e,8.5725
351,learn_4,61453,5.0,211,e_kl,0.03638103270478371
352,learn_4,61453,5.0,211,e_w1,0.04766424384830117
353,learn_4,61453,5.0,211,eta_kl,0.0028986519028966168
354,learn_4,61453,5.0,211,eta_w1,0.0244785525376421
355,learn_4,61453,5.0,211,e_kl_0,0.08108458924022906
356,learn_4,61453,5.0,211,e_w1_0,0.10375393509864808
357,learn_4,61453,5.0,211,eta_kl_0,0.021892302521739754
358,learn_4,61453,5.0,211,eta_w1_0,0.12455408844107298
359,learn_4,61453,5.0,211,v1,0.03236373926133764
360,learn_4,61453,5.0,211,v2,0.0024735599973813084
361,learn_4,61453,5.0,211,v3,0.11794257742626081
362,learn_4,61453,5.0,211,pt,8.6525
363,learn_4,61453,5.0,211,e,7.745
364,learn_4,61453,5.0,-211,e_kl,0.03960557326537197
365,learn_4,61453,5.0,-211,e_w1,0.04622067721404504
366,learn_4,61453,5.0,-211,eta_kl,0.004064771102398744
367,learn_4,61453,5.0,-211,eta_w1,0.030074232332899582
368,learn_4,61453,5.0,-211,e_kl_0,0.04242294072765736
369,learn_4,61453,5.0,-211,e_w1_0,0.06542749106884002
370,learn_4,61453,5.0,-211,eta_kl_0,0.020881683640904935
371,learn_4,61453,5.0,-211,eta_w1_0,0.15624567187507638
372,learn_4,61453,5.0,-211,v1,0.0027340311135500583
373,learn_4,61453,5.0,-211,v2,0.006721425734575181
374,learn_4,61453,5.0,-211,v3,0.049411088581591225
375,learn_4,61453,5.0,-211,pt,8.6525
376,learn_4,61453,5.0,-211,e,7.745
377,learn_4,61453,5.0,111,e_kl,0.04119736948480211
378,learn_4,61453,5.0,111,e_w1,0.0467393105642796
379,learn_4,61453,5.0,111,eta_kl,0.0036826639543101813
380,learn_4,61453,5.0,111,eta_w1,0.0374725191135483
381,learn_4,61453,5.0,111,e_kl_0,0.1493476244649189
382,learn_4,61453,5.0,111,e_w1_0,0.1330282497406006
383,learn_4,61453,5.0,111,eta_kl_0,0.03718140215649492
384,learn_4,61453,5.0,111,eta_w1_0,0.24433520157122984
385,learn_4,61453,5.0,111,v1,0.03267244072404411
386,learn_4,61453,5.0,111,v2,0.06797877772749855
387,learn_4,61453,5.0,111,v3,0.00540466057866522
388,learn_4,61453,5.0,111,pt,8.6525
389,learn_4,61453,5.0,111,e,7.745
390,learn_5,61453,1.7,211,e_kl,0.034589635081627025
391,learn_5,61453,1.7,211,e_w1,0.03183380290156319
392,learn_5,61453,1.7,211,eta_kl,0.002134574273486557
393,learn_5,61453,1.7,211,eta_w1,0.022158079403451724
394,learn_5,61453,1.7,211,e_kl_0,0.12343331634952438
395,learn_5,61453,1.7,211,e_w1_0,0.06364918857812882
396,learn_5,61453,1.7,211,eta_kl_0,0.048084872070118745
397,learn_5,61453,1.7,211,eta_w1_0,0.16303442259113582
398,learn_5,61453,1.7,211,v1,0.004243155295511098
399,learn_5,61453,1.7,211,v2,0.015145780110196173
400,learn_5,61453,1.7,211,v3,0.003005343761974362
401,learn_5,61453,1.7,211,pt,7.635000000000001
402,learn_5,61453,1.7,211,e,7.027500000000001
403,learn_5,61453,1.7,-211,e_kl,0.03936908479656559
404,learn_5,61453,1.7,-211,e_w1,0.043267246892764476
405,learn_5,61453,1.7,-211,eta_kl,0.0031447314241723786
406,learn_5,61453,1.7,-211,eta_w1,0.020412195553716244
407,learn_5,61453,1.7,-211,e_kl_0,0.12729375698772913
408,learn_5,61453,1.7,-211,e_w1_0,0.0957485678792
409,learn_5,61453,1.7,-211,eta_kl_0,0.025496407790195363
410,learn_5,61453,1.7,-211,eta_w1_0,0.1347842020797543
411,learn_5,61453,1.7,-211,v1,0.0062196940533377895
412,learn_5,61453,1.7,-211,v2,0.0044234738586171485
413,learn_5,61453,1.7,-211,v3,0.007377127508585808
414,learn_5,61453,1.7,-211,pt,7.635000000000001
415,learn_5,61453,1.7,-211,e,7.027500000000001
416,learn_5,61453,1.7,111,e_kl,0.051429809178825565
417,learn_5,61453,1.7,111,e_w1,0.05684457066868033
418,learn_5,61453,1.7,111,eta_kl,0.0029948786386281676
419,learn_5,61453,1.7,111,eta_w1,0.029876831575232722
420,learn_5,61453,1.7,111,e_kl_0,0.11357420147864923
421,learn_5,61453,1.7,111,e_w1_0,0.10416766375303271
422,learn_5,61453,1.7,111,eta_kl_0,0.010393375986083591
423,learn_5,61453,1.7,111,eta_w1_0,0.07830775054237166
424,learn_5,61453,1.7,111,v1,0.007007759037314131
425,learn_5,61453,1.7,111,v2,0.005557696057487194
426,learn_5,61453,1.7,111,v3,0.005649179726488049
427,learn_5,61453,1.7,111,pt,7.635000000000001
428,learn_5,61453,1.7,111,e,7.027500000000001
429,learn_5,61453,5.0,211,e_kl,0.04943326974919922
430,learn_5,61453,5.0,211,e_w1,0.03403389565287696
431,learn_5,61453,5.0,211,eta_kl,0.003911652103367815
432,learn_5,61453,5.0,211,eta_w1,0.05282867574863705
433,learn_5,61453,5.0,211,e_kl_0,0.2374852994079944
434,learn_5,61453,5.0,211,e_w1_0,0.09181222587823867
435,learn_5,61453,5.0,211,eta_kl_0,0.021585363874370447
436,learn_5,61453,5.0,211,eta_w1_0,0.16530040342826396
437,learn_5,61453,5.0,211,v1,0.01532033902120723
438,learn_5,61453,5.0,211,v2,0.015440272455287025
439,learn_5,61453,5.0,211,v3,0.003628791754352779
440,learn_5,61453,5.0,211,pt,7.3675
441,learn_5,61453,5.0,211,e,6.0875
442,learn_5,61453,5.0,-211,e_kl,0.03302404401900378
443,learn_5,61453,5.0,-211,e_w1,0.036022568551941456
444,learn_5,61453,5.0,-211,eta_kl,0.005054801008102992
445,learn_5,61453,5.0,-211,eta_w1,0.02743984648569266
446,learn_5,61453,5.0,-211,e_kl_0,0.030878894374959328
447,learn_5,61453,5.0,-211,e_w1_0,0.04749396860599518
448,learn_5,61453,5.0,-211,eta_kl_0,0.023597618748561235
449,learn_5,61453,5.0,-211,eta_w1_0,0.1582315020239912
450,learn_5,61453,5.0,-211,v1,0.000899020109424786
451,learn_5,61453,5.0,-211,v2,0.02993876676241628
452,learn_5,61453,5.0,-211,v3,0.015306669820103303
453,learn_5,61453,5.0,-211,pt,7.3675
454,learn_5,61453,5.0,-211,e,6.0875
455,learn_5,61453,5.0,111,e_kl,0.046150954560042395
456,learn_5,61453,5.0,111,e_w1,0.03730958363722624
457,learn_5,61453,5.0,111,eta_kl,0.004277472496269706
458,learn_5,61453,5.0,111,eta_w1,0.03377764618061736
459,learn_5,61453,5.0,111,e_kl_0,0.18850170790211787
460,learn_5,61453,5.0,111,e_w1_0,0.10274648517370223
461,learn_5,61453,5.0,111,eta_kl_0,0.026045467111573
462,learn_5,61453,5.0,111,eta_w1_0,0.19970466973027218
463,learn_5,61453,5.0,111,v1,0.005778535580218647
464,learn_5,61453,5.0,111,v2,0.011303604733552363
465,learn_5,61453,5.0,111,v3,0.06861775235546319
466,learn_5,61453,5.0,111,pt,7.3675
467,learn_5,61453,5.0,111,e,6.0875
